{
  "IsEncrypted": false,
  "Values": {
    "AzureWebJobsStorage": "DefaultEndpointsProtocol=https;AccountName=scc55967;AccountKey=zt33lx7Id+D5f1tGGUdAi3nApyvUHLbMXtB65fVaYXB/7fnFdpDwp5FNsqPw4XipsjSq9eNqsANGMJipVKWxLw==;EndpointSuffix=core.windows.net",
    "FUNCTIONS_WORKER_RUNTIME": "java",
    "AzureWebJobsDashboard": "DefaultEndpointsProtocol=https;AccountName=scc55967;AccountKey=zt33lx7Id+D5f1tGGUdAi3nApyvUHLbMXtB65fVaYXB/7fnFdpDwp5FNsqPw4XipsjSq9eNqsANGMJipVKWxLw==;EndpointSuffix=core.windows.net",
    "BlobStoreConnection":"DefaultEndpointsProtocol=https;AccountName=scc55967;AccountKey=zt33lx7Id+D5f1tGGUdAi3nApyvUHLbMXtB65fVaYXB/7fnFdpDwp5FNsqPw4XipsjSq9eNqsANGMJipVKWxLw==;EndpointSuffix=core.windows.net"
  }
}
