[
    {
        "images": ["https://ia601409.us.archive.org/16/items/o-grande-gatsby/o%20grande%20gatsby.jpg", "https://ia601406.us.archive.org/16/items/o-grande-gatsby_202112/o%20grande%20gatsby.jpg"],
        "title": "O Grande Gatsby",
        "author": "F. Scott Fitzgerald",
        "rating": 4,
        "summary": "O Grande Gatsby é um romance escrito pelo autor americano F. Scott Fitzgerald. Publicado pela primeira vez em 10 de abril de 1925, a história passa-se em Nova Iorque e na cidade de Long Island durante o verão de 1922, e é uma crítica ao Sonho Americano. O romance relata o caos da Primeira Guerra Mundial.",
        "reviews": [{"rating": 4, "text":"Muito bom", "date":1638367800000}, {"rating": 3, "text":"mais ou menos", "date":1639044660000}]    
    },
    {
        "images": ["https://ia801507.us.archive.org/18/items/1984_20211213/1984.jpg", "https://ia601407.us.archive.org/6/items/1984_20211213_202112/1984.jpg"],
        "title": "Nineteen Eighty-Four",
        "author": "George Orwell",
        "rating": 5,
        "summary": "Mil Novecentos e Oitenta e Quatro, muitas vezes publicado como 1984, é um romance distópico da autoria do escritor britânico George Orwell e publicado em 1949.",
        "reviews": [{"rating": 4, "text":"Muito bom", "date":1636196760000},  {"rating": 5, "text":"fantastico", "date":1631268600000}]
    },
    {   "images":["https://ia601508.us.archive.org/19/items/to-kill-a-mockingbird_202112/to%20kill%20a%20mockingbird.jpg", "https://ia601505.us.archive.org/29/items/to-kill-a-mockingbird_20211213/to%20kill%20a%20mockingbird.jpg", "https://ia801407.us.archive.org/18/items/to-kill-a-mockingbird_20211213_2005/to kill a mockingbird.jpg"],
        "title": "To Kill a Mockingbird",
        "author": "Harper Lee",
        "rating": 3,
        "summary": "To Kill a Mockingbird é um romance vencedor do Pulitzer escrito por Harper Lee e lançado em 1960. Foi um sucesso instantâneo, se tornando um dos maiores clássicos da literatura norte-americana moderna. Deu origem a um filme homônimo, vencedor do Oscar de melhor roteiro adaptado em 1962.",
        "reviews": [{"rating": 4, "text":"Muito bom", "date":1639145400000}, {"rating": 2, "text":"podia ser melhor", "date":11639102200000}]
    },
    {   "images":["https://ia601501.us.archive.org/14/items/the-catcher/the%20catcher.jpg", "https://ia601409.us.archive.org/32/items/the-catcher_202112/the%20catcher.jpg"],
        "title": "The Catcher in the Rye",
        "author": "J. D. Salinge",
        "rating": 3,
        "summary": "The Catcher in the Rye é uma história de J. D. Salinger, parcialmente publicada em forma de série entre 1945-1946 e como um romance em 1951.",
        "reviews": [{"rating": 4, "text":"Muito bom", "date":1638583800000}, {"rating": 2, "text":"podia ser melhor", "date":1634001000000}]
    },
    {   "images":["https://ia801505.us.archive.org/3/items/ana-karenina_202112/ana%20karenina.jpg"],
        "title": "Anna Karênina",
        "author": "Liev Tolstói",
        "rating": 2,
        "summary": "Anna Karenina, ou Ana Karênina, em algumas traduções, ou Anna Kariênina, conforme a edição mais recente em língua portuguesa, é um romance do escritor russo Liev Tolstói.",
        "reviews": [{"rating": 4, "text":"Muito bom", "date":1636650600000}, {"rating": 1, "text":"muito mau", "date":1637320200000}]
    },
    {
        "images": ["https://ia601509.us.archive.org/27/items/100-anos-de-solidao/100%20anos%20de%20solidao.jpg", "https://ia601509.us.archive.org/13/items/100-anos-de-solidao_202112/100%20anos%20de%20solidao.jpg"],
        "title": "Cem Anos de Solidão",
        "author": "Gabriel García Márquez",
        "rating": 5,
        "summary": "Cem Anos de Solidão é uma obra do escritor colombiano Gabriel García Márquez, Prêmio Nobel da Literatura em 1982, e é atualmente considerada uma das obras mais importantes da literatura latino-americana. Essa obra tem a peculiaridade de ser umas das mais lidas e traduzidas de todo o mundo.",
        "reviews": [{"rating": 4, "text":"Muito bom", "date":1635764880000},  {"rating": 5, "text":"fantastico", "date":1628845680000}]
    },
    {
        "images": ["https://ia601406.us.archive.org/15/items/orgulho-e-perconceito/orgulho%20e%20perconceito.jpg"],
        "title": "Orgulho e Preconceito",
        "author": "Jane Austen",
        "rating": 5,
        "summary": "Pride and Prejudice é um romance da escritora britânica Jane AustenPublicado pela primeira vez em 1813, na verdade havia sido terminado em 1797, antes de ela completar 21 anos, em Steventon, Hampshire, onde Jane morava com os pais.",
        "reviews": [{"rating": 4, "text":"Muito bom", "date":1631491800000},  {"rating": 5, "text":"fantastico", "date":1631891400000}]
    },
    {
        "images": ["https://ia601509.us.archive.org/21/items/ulysses_202112/Ulysses.jpg", "https://ia601505.us.archive.org/24/items/ulysses_20211213/Ulysses.jpg"],
        "title": "Ulisses",
        "author": "James Joyce",
        "rating": 5,
        "summary": "Ulisses é um romance do escritor irlandês James Joyce. Foi composto entre 1914 e 1921 em Trieste, Itália, Zurique, Suíça e Paris, França, e publicado no ano seguinte nesta cidade.",
        "reviews": [{"rating": 4, "text":"Muito bom", "date":1633115520000},  {"rating": 5, "text":"fantastico", "date":1633529520000}]
    },
    {
        "images": ["https://ia601504.us.archive.org/16/items/beloved_202112/beloved.jpg", "https://ia601502.us.archive.org/2/items/beloved_20211213/beloved.jpg"],
        "title": "Beloved",
        "author": "Toni Morrison",
        "rating": 5,
        "summary": "Baseado numa história real, Amada é ambientado em 1873, época em que os Estados Unidos começavam a lidar com as feridas da escravidão recém-abolida. Com estilo sinuoso, Toni Morrison constrói uma narrativa complexa, que entrelaça com maestria brutalidade e lirismo.",
        "reviews": [{"rating": 4, "text":"Muito bom", "date":1618240320000},  {"rating": 5, "text":"fantastico", "date":1625238720000}]
    },
    {
        "images": ["https://ia601400.us.archive.org/27/items/moby-dick_202112/moby%20dick.jpg", "https://ia801500.us.archive.org/12/items/moby-dick_20211213/moby%20dick.jpg", "https://ia601509.us.archive.org/8/items/moby-dick_20211213_1956/moby%20dick.jpg"],
        "title": "Moby Dick",
        "author": "Herman Melville",
        "rating": 5,
        "summary": "Moby Dick é um romance do escritor estadunidense Herman Melville, sobre um cachalote (grande animal marinho) de cor branca que foi perseguido, e mesmo ferido várias vezes por baleeiros, conseguiu se defender e destruí-los, nas aventuras narradas pelo marinheiro Ishmael junto com o Capitão Ahab e o primeiro imediato Starbuck a bordo do baleeiro Pequod..",
        "reviews": [{"rating": 4, "text":"Muito bom", "date":1626369120000},  {"rating": 5, "text":"fantastico", "date":1629043920000}]
    }
]
    