{"openapi":"3.0.1","info":{"title":"Sample OpenAPI -- IADI 2021/22","description":"This is a sample for the openAPI lab","termsOfService":"http://swagger.io/terms/","license":{"name":"Apache 2.0","url":"http://springdoc.org"},"version":"1.0"},"servers":[{"url":"http://localhost:8080","description":"Generated server url"}],"tags":[{"name":"Book API","description":"This are the methods available for the Book Entity"},{"name":"User API","description":"This are the methods available for the User Entity"},{"name":"Author API","description":"This are the methods available for the Author Entity"}],"paths":{"/user":{"get":{"tags":["User API"],"summary":"Returns the users that fit the input as a Page","operationId":"find","parameters":[{"name":"Page number","in":"query","required":false,"schema":{"type":"integer","format":"int32","default":0}},{"name":"Size of the requested page","in":"query","required":false,"schema":{"type":"integer","format":"int32","default":10}},{"name":"order of the page","in":"query","required":false,"schema":{"type":"string","default":""}},{"name":"Direction of the values presented","in":"query","required":false,"schema":{"type":"string","default":"ASC"}}],"responses":{"404":{"description":"Not found","content":{"*/*":{"schema":{"$ref":"#/components/schemas/PageUserDTO"}}}},"500":{"description":"Internal server error","content":{"*/*":{"schema":{"$ref":"#/components/schemas/PageUserDTO"}}}},"200":{"description":"Successfully returned users","content":{"*/*":{"schema":{"$ref":"#/components/schemas/PageUserDTO"}}}},"400":{"description":"Bad request","content":{"*/*":{"schema":{"$ref":"#/components/schemas/PageUserDTO"}}}}}},"put":{"tags":["User API"],"summary":"Add a favorite book to a user","operationId":"addFavBook","requestBody":{"content":{"application/json":{"schema":{"type":"object","properties":{"userId":{"type":"string"},"book":{"type":"string"}}}}},"required":true},"responses":{"404":{"description":"Not found","content":{"*/*":{"schema":{"type":"string"}}}},"500":{"description":"Internal server error","content":{"*/*":{"schema":{"type":"string"}}}},"200":{"description":"Successfully added book","content":{"*/*":{"schema":{"type":"string"}}}},"400":{"description":"Bad request","content":{"*/*":{"schema":{"type":"string"}}}}}},"post":{"tags":["User API"],"summary":"Create a user","operationId":"createUser","requestBody":{"content":{"application/json":{"schema":{"$ref":"#/components/schemas/UserDTO"}}},"required":true},"responses":{"500":{"description":"Internal server error","content":{"*/*":{"schema":{"$ref":"#/components/schemas/UserDTO"}}}},"200":{"description":"Successfully created user","content":{"*/*":{"schema":{"$ref":"#/components/schemas/UserDTO"}}}},"400":{"description":"Bad request","content":{"*/*":{"schema":{"$ref":"#/components/schemas/UserDTO"}}}}}}},"/book":{"get":{"tags":["Book API"],"summary":"Returns the book that fit the input as a Page","operationId":"find_1","parameters":[{"name":"Page number","in":"query","required":false,"schema":{"type":"integer","format":"int32","default":0}},{"name":"Size of the requested page","in":"query","required":false,"schema":{"type":"integer","format":"int32","default":10}},{"name":"order of the page","in":"query","required":false,"schema":{"type":"string","default":""}},{"name":"Direction of the values presented","in":"query","required":false,"schema":{"type":"string","default":"ASC"}}],"responses":{"200":{"description":"Successfully returned books","content":{"*/*":{"schema":{"$ref":"#/components/schemas/PageBookDTO"}}}},"404":{"description":"Not found","content":{"*/*":{"schema":{"$ref":"#/components/schemas/PageBookDTO"}}}},"500":{"description":"Internal server error","content":{"*/*":{"schema":{"$ref":"#/components/schemas/PageBookDTO"}}}},"400":{"description":"Bad request","content":{"*/*":{"schema":{"$ref":"#/components/schemas/PageBookDTO"}}}}}},"put":{"tags":["Book API"],"summary":"Review a book","operationId":"reviewBook","requestBody":{"content":{"application/json":{"schema":{"$ref":"#/components/schemas/ReviewDTO"}}},"required":true},"responses":{"404":{"description":"not found","content":{"*/*":{"schema":{"$ref":"#/components/schemas/ReviewDTO"}}}},"500":{"description":"Internal server error","content":{"*/*":{"schema":{"$ref":"#/components/schemas/ReviewDTO"}}}},"200":{"description":"Successfully reviewed book","content":{"*/*":{"schema":{"$ref":"#/components/schemas/ReviewDTO"}}}},"400":{"description":"Bad request","content":{"*/*":{"schema":{"$ref":"#/components/schemas/ReviewDTO"}}}}}},"post":{"tags":["Book API"],"summary":"Create a book","operationId":"createBook","requestBody":{"content":{"application/json":{"schema":{"$ref":"#/components/schemas/BookDTO"}}},"required":true},"responses":{"500":{"description":"Internal server error","content":{"*/*":{"schema":{"$ref":"#/components/schemas/BookDTO"}}}},"200":{"description":"Successfully created book","content":{"*/*":{"schema":{"$ref":"#/components/schemas/BookDTO"}}}},"400":{"description":"Bad request","content":{"*/*":{"schema":{"$ref":"#/components/schemas/BookDTO"}}}}}}},"/book/rate":{"put":{"tags":["Book API"],"summary":"Rate a book","operationId":"rateBook","requestBody":{"content":{"application/json":{"schema":{"$ref":"#/components/schemas/RateDTO"}}},"required":true},"responses":{"404":{"description":"Not found","content":{"*/*":{"schema":{"$ref":"#/components/schemas/RateDTO"}}}},"500":{"description":"Internal server error","content":{"*/*":{"schema":{"$ref":"#/components/schemas/RateDTO"}}}},"400":{"description":"Bad request","content":{"*/*":{"schema":{"$ref":"#/components/schemas/RateDTO"}}}},"200":{"description":"Successfully rated book","content":{"*/*":{"schema":{"$ref":"#/components/schemas/RateDTO"}}}}}}},"/author/{authorId}/{bookId}":{"put":{"tags":["Author API"],"summary":"Add a book to an author","operationId":"addAuthorBook","parameters":[{"name":"AuthorId","in":"path","required":true,"schema":{"type":"string"}},{"name":"BookId","in":"path","required":true,"schema":{"type":"string"}}],"responses":{"200":{"description":"Successfully added books","content":{"*/*":{"schema":{"type":"string"}}}},"404":{"description":"Not found","content":{"*/*":{"schema":{"type":"string"}}}},"500":{"description":"Internal server error","content":{"*/*":{"schema":{"type":"string"}}}},"400":{"description":"Bad request","content":{"*/*":{"schema":{"type":"string"}}}}}},"delete":{"tags":["Author API"],"summary":"Remove a book from an author","operationId":"removeAuthorBook","parameters":[{"name":"AuthorId","in":"path","required":true,"schema":{"type":"string"}},{"name":"BookId","in":"path","required":true,"schema":{"type":"string"}}],"responses":{"404":{"description":"Not found","content":{"*/*":{"schema":{"type":"string"}}}},"500":{"description":"Internal server error","content":{"*/*":{"schema":{"type":"string"}}}},"200":{"description":"Successfully removed books","content":{"*/*":{"schema":{"type":"string"}}}},"400":{"description":"Bad request","content":{"*/*":{"schema":{"type":"string"}}}}}}},"/author":{"get":{"tags":["Author API"],"summary":"Returns the authors that fit the input as a Page","operationId":"find_2","parameters":[{"name":"Page number","in":"query","required":false,"schema":{"type":"integer","format":"int32","default":0}},{"name":"Size of the requested page","in":"query","required":false,"schema":{"type":"integer","format":"int32","default":10}},{"name":"order of the page","in":"query","required":false,"schema":{"type":"string","default":""}},{"name":"Direction of the values presented","in":"query","required":false,"schema":{"type":"string","default":"ASC"}}],"responses":{"404":{"description":"Not found","content":{"*/*":{"schema":{"$ref":"#/components/schemas/PageAuthorDTO"}}}},"500":{"description":"Internal server error","content":{"*/*":{"schema":{"$ref":"#/components/schemas/PageAuthorDTO"}}}},"400":{"description":"Bad request","content":{"*/*":{"schema":{"$ref":"#/components/schemas/PageAuthorDTO"}}}},"200":{"description":"Successfully returned authors","content":{"*/*":{"schema":{"$ref":"#/components/schemas/PageAuthorDTO"}}}}}},"post":{"tags":["Author API"],"summary":"Create an author","operationId":"createAuthor","requestBody":{"content":{"application/json":{"schema":{"$ref":"#/components/schemas/AuthorDTO"}}},"required":true},"responses":{"500":{"description":"Internal server error","content":{"*/*":{"schema":{"$ref":"#/components/schemas/AuthorDTO"}}}},"200":{"description":"Successfully created author","content":{"*/*":{"schema":{"$ref":"#/components/schemas/AuthorDTO"}}}},"400":{"description":"Bad request","content":{"*/*":{"schema":{"$ref":"#/components/schemas/AuthorDTO"}}}}}}},"/user/{userId}":{"get":{"tags":["User API"],"summary":"Get a user","operationId":"getUser","parameters":[{"name":"UserId","in":"path","required":true,"schema":{"type":"string"}}],"responses":{"404":{"description":"Not found","content":{"*/*":{"schema":{"$ref":"#/components/schemas/UserDTO"}}}},"500":{"description":"Internal server error","content":{"*/*":{"schema":{"$ref":"#/components/schemas/UserDTO"}}}},"200":{"description":"Successfully retrieved user","content":{"*/*":{"schema":{"$ref":"#/components/schemas/UserDTO"}}}},"400":{"description":"Bad request","content":{"*/*":{"schema":{"$ref":"#/components/schemas/UserDTO"}}}}}},"delete":{"tags":["User API"],"summary":"Delete a user","operationId":"deleteUser","parameters":[{"name":"UserId","in":"path","required":true,"schema":{"type":"string"}}],"responses":{"404":{"description":"Not found","content":{"*/*":{"schema":{"$ref":"#/components/schemas/UserDTO"}}}},"500":{"description":"Internal server error","content":{"*/*":{"schema":{"$ref":"#/components/schemas/UserDTO"}}}},"200":{"description":"Successfully deleted user","content":{"*/*":{"schema":{"$ref":"#/components/schemas/UserDTO"}}}},"400":{"description":"Bad request","content":{"*/*":{"schema":{"$ref":"#/components/schemas/UserDTO"}}}}}}},"/user/{userId}/books":{"get":{"tags":["User API"],"summary":"Get favorite books from a user","operationId":"getFavBooks","parameters":[{"name":"User id","in":"path","required":true,"schema":{"type":"string"}},{"name":"Page number","in":"query","required":false,"schema":{"type":"integer","format":"int32","default":0}},{"name":"Size of the requested page","in":"query","required":false,"schema":{"type":"integer","format":"int32","default":10}},{"name":"order of the page","in":"query","required":false,"schema":{"type":"string","default":""}},{"name":"Direction of the values presented","in":"query","required":false,"schema":{"type":"string","default":"ASC"}}],"responses":{"200":{"description":"Successfully retrieved books","content":{"*/*":{"schema":{"$ref":"#/components/schemas/PageString"}}}},"404":{"description":"not found","content":{"*/*":{"schema":{"$ref":"#/components/schemas/PageString"}}}},"500":{"description":"Internal server error","content":{"*/*":{"schema":{"$ref":"#/components/schemas/PageString"}}}},"400":{"description":"Bad request","content":{"*/*":{"schema":{"$ref":"#/components/schemas/PageString"}}}}}}},"/book/{bookId}":{"get":{"tags":["Book API"],"summary":"Get a book","operationId":"getBook","parameters":[{"name":"BookId","in":"path","required":true,"schema":{"type":"string"}}],"responses":{"404":{"description":"Not found","content":{"*/*":{"schema":{"$ref":"#/components/schemas/BookDTO"}}}},"500":{"description":"Internal server error","content":{"*/*":{"schema":{"$ref":"#/components/schemas/BookDTO"}}}},"200":{"description":"Successfully retrieved book","content":{"*/*":{"schema":{"$ref":"#/components/schemas/BookDTO"}}}},"400":{"description":"Bad request","content":{"*/*":{"schema":{"$ref":"#/components/schemas/BookDTO"}}}}}},"delete":{"tags":["Book API"],"summary":"Delete a book","operationId":"deleteBook","parameters":[{"name":"BookId","in":"path","required":true,"schema":{"type":"string"}}],"responses":{"200":{"description":"Successfully deleted book","content":{"*/*":{"schema":{"$ref":"#/components/schemas/BookDTO"}}}},"404":{"description":"Not found","content":{"*/*":{"schema":{"$ref":"#/components/schemas/BookDTO"}}}},"500":{"description":"Internal server error","content":{"*/*":{"schema":{"$ref":"#/components/schemas/BookDTO"}}}},"400":{"description":"Bad request","content":{"*/*":{"schema":{"$ref":"#/components/schemas/BookDTO"}}}}}}},"/author/{authorId}":{"get":{"tags":["Author API"],"summary":"Get an author","operationId":"getAuthor","parameters":[{"name":"AuthorId","in":"path","required":true,"schema":{"type":"string"}}],"responses":{"404":{"description":"not found","content":{"*/*":{"schema":{"$ref":"#/components/schemas/AuthorDTO"}}}},"200":{"description":"Successfully retrieved author","content":{"*/*":{"schema":{"$ref":"#/components/schemas/AuthorDTO"}}}},"500":{"description":"Internal server error","content":{"*/*":{"schema":{"$ref":"#/components/schemas/AuthorDTO"}}}},"400":{"description":"Bad request","content":{"*/*":{"schema":{"$ref":"#/components/schemas/AuthorDTO"}}}}}},"delete":{"tags":["Author API"],"summary":"Delete an author","operationId":"deleteAuthor","parameters":[{"name":"AuthorId","in":"path","required":true,"schema":{"type":"string"}}],"responses":{"404":{"description":"Not found","content":{"*/*":{"schema":{"$ref":"#/components/schemas/AuthorDTO"}}}},"500":{"description":"Internal server error","content":{"*/*":{"schema":{"$ref":"#/components/schemas/AuthorDTO"}}}},"200":{"description":"Successfully deleted author","content":{"*/*":{"schema":{"$ref":"#/components/schemas/AuthorDTO"}}}},"400":{"description":"Bad request","content":{"*/*":{"schema":{"$ref":"#/components/schemas/AuthorDTO"}}}}}}},"/author/author":{"get":{"tags":["Author API"],"summary":"Get books from an author","operationId":"getAuthorBooks","parameters":[{"name":"AuthorId","in":"query","required":true,"schema":{"type":"string"}},{"name":"Page number","in":"query","required":false,"schema":{"type":"integer","format":"int32","default":0}},{"name":"Size of the requested page","in":"query","required":false,"schema":{"type":"integer","format":"int32","default":10}},{"name":"order of the page","in":"query","required":false,"schema":{"type":"string","default":""}},{"name":"Direction of the values presented","in":"query","required":false,"schema":{"type":"string","default":"ASC"}}],"responses":{"200":{"description":"Successfully returned books","content":{"*/*":{"schema":{"$ref":"#/components/schemas/PageString"}}}},"404":{"description":"Not found","content":{"*/*":{"schema":{"$ref":"#/components/schemas/PageString"}}}},"500":{"description":"Internal server error","content":{"*/*":{"schema":{"$ref":"#/components/schemas/PageString"}}}},"400":{"description":"Bad request","content":{"*/*":{"schema":{"$ref":"#/components/schemas/PageString"}}}}}}},"/user/{userId}/{book}":{"delete":{"tags":["User API"],"summary":"Delete a favorite book from a user","operationId":"removeFavBook","parameters":[{"name":"userId","in":"path","required":true,"schema":{"type":"string"}},{"name":"Book name","in":"path","required":true,"schema":{"type":"string"}}],"responses":{"200":{"description":"Successfully deleted book","content":{"*/*":{"schema":{"type":"string"}}}},"404":{"description":"nNot found","content":{"*/*":{"schema":{"type":"string"}}}},"500":{"description":"Internal server error","content":{"*/*":{"schema":{"type":"string"}}}},"400":{"description":"Bad request","content":{"*/*":{"schema":{"type":"string"}}}}}}}},"components":{"schemas":{"ReviewDTO":{"required":["bookId","review"],"type":"object","properties":{"userId":{"type":"string","description":"Id of the user"},"bookId":{"type":"string","description":"Id of the boook"},"review":{"type":"string","description":"Book review","example":"This so could be made into film... loved it!"}}},"RateDTO":{"required":["bookId","userId"],"type":"object","properties":{"userId":{"type":"string","description":"Id of the user"},"bookId":{"type":"string","description":"Id of the boook"},"rating":{"type":"integer","description":"Book rating","format":"int32","example":2}}},"UserDTO":{"type":"object","properties":{"id":{"type":"string","description":"Id of the user"},"name":{"type":"string","description":"Name of the user","example":"New York Times intern"},"favBooks":{"type":"array","description":"List of the favorite books from a user","items":{"type":"string","description":"List of the favorite books from a user"}}}},"BookDTO":{"type":"object","properties":{"id":{"type":"string","description":"id of the book"},"name":{"type":"string","description":"Name of the book","example":"The Great Gatsby"},"author":{"type":"string","description":"Name of the author","example":"Fitzgerald"},"rates":{"type":"array","description":"List of rates for a book","items":{"$ref":"#/components/schemas/rate"}},"reviews":{"type":"array","description":"List of reviews for a book","items":{"$ref":"#/components/schemas/review"}}}},"rate":{"required":["rate","userId"],"type":"object","properties":{"userId":{"type":"string"},"rate":{"type":"integer","format":"int32"}},"description":"List of rates for a book"},"review":{"required":["text","userId"],"type":"object","properties":{"userId":{"type":"string"},"text":{"type":"string"}},"description":"List of reviews for a book"},"AuthorDTO":{"type":"object","properties":{"id":{"type":"string","description":"Id of the author"},"name":{"type":"string","description":"Name of the author","example":"Dan Brown"},"books":{"type":"array","description":"List of books from a author","items":{"type":"string","description":"List of books from a author"}}}},"PageUserDTO":{"type":"object","properties":{"totalPages":{"type":"integer","format":"int32"},"totalElements":{"type":"integer","format":"int64"},"size":{"type":"integer","format":"int32"},"content":{"type":"array","items":{"$ref":"#/components/schemas/UserDTO"}},"number":{"type":"integer","format":"int32"},"sort":{"$ref":"#/components/schemas/Sort"},"first":{"type":"boolean"},"last":{"type":"boolean"},"numberOfElements":{"type":"integer","format":"int32"},"pageable":{"$ref":"#/components/schemas/Pageable"},"empty":{"type":"boolean"}}},"Pageable":{"type":"object","properties":{"offset":{"type":"integer","format":"int64"},"sort":{"$ref":"#/components/schemas/Sort"},"pageNumber":{"type":"integer","format":"int32"},"pageSize":{"type":"integer","format":"int32"},"paged":{"type":"boolean"},"unpaged":{"type":"boolean"}}},"Sort":{"type":"object","properties":{"sorted":{"type":"boolean"},"unsorted":{"type":"boolean"},"empty":{"type":"boolean"}}},"PageString":{"type":"object","properties":{"totalPages":{"type":"integer","format":"int32"},"totalElements":{"type":"integer","format":"int64"},"size":{"type":"integer","format":"int32"},"content":{"type":"array","items":{"type":"string"}},"number":{"type":"integer","format":"int32"},"sort":{"$ref":"#/components/schemas/Sort"},"first":{"type":"boolean"},"last":{"type":"boolean"},"numberOfElements":{"type":"integer","format":"int32"},"pageable":{"$ref":"#/components/schemas/Pageable"},"empty":{"type":"boolean"}}},"PageBookDTO":{"type":"object","properties":{"totalPages":{"type":"integer","format":"int32"},"totalElements":{"type":"integer","format":"int64"},"size":{"type":"integer","format":"int32"},"content":{"type":"array","items":{"$ref":"#/components/schemas/BookDTO"}},"number":{"type":"integer","format":"int32"},"sort":{"$ref":"#/components/schemas/Sort"},"first":{"type":"boolean"},"last":{"type":"boolean"},"numberOfElements":{"type":"integer","format":"int32"},"pageable":{"$ref":"#/components/schemas/Pageable"},"empty":{"type":"boolean"}}},"PageAuthorDTO":{"type":"object","properties":{"totalPages":{"type":"integer","format":"int32"},"totalElements":{"type":"integer","format":"int64"},"size":{"type":"integer","format":"int32"},"content":{"type":"array","items":{"$ref":"#/components/schemas/AuthorDTO"}},"number":{"type":"integer","format":"int32"},"sort":{"$ref":"#/components/schemas/Sort"},"first":{"type":"boolean"},"last":{"type":"boolean"},"numberOfElements":{"type":"integer","format":"int32"},"pageable":{"$ref":"#/components/schemas/Pageable"},"empty":{"type":"boolean"}}}}}}